{"schemaVersion":"1.0","appDefinitionTemplate":{"id":"/providers/Microsoft.PowerApps/apps/","type":"Microsoft.PowerApps/apps","tags":{"primaryDeviceWidth":"1366","primaryDeviceHeight":"768","supportsPortrait":"true","supportsLandscape":"true","primaryFormFactor":"Tablet","publisherVersion":"3.22082.8","minimumRequiredApiVersion":"2.2.0","hasComponent":"false","hasUnlockedComponent":"false","isUnifiedRootApp":"false","sienaVersion":"20220821T030319Z-3.22082.4.0"},"properties":{"appVersion":"2022-08-21T03:03:19Z","lifeCycleId":"Published","createdByClientVersion":{"major":3,"minor":22082,"build":8,"revision":0,"majorRevision":0,"minorRevision":0},"minClientVersion":{"major":3,"minor":22082,"build":8,"revision":0,"majorRevision":0,"minorRevision":0},"backgroundColor":"rgba(204, 231, 246, 1)","backgroundImageUri":"/12451191119701355307/Nc0e08498-6bf4-420f-b348-b07c7205f785-logoSmallFile","displayName":"uMatter","description":"","commitMessage":"save responce and activity","appUris":{"documentUri":{"value":"/12451191119701355307/Ncce70f37-dcae-4c31-8eba-8117625e5203-document.msapp"},"imageUris":[],"additionalUris":[]},"createdTime":"0001-01-01T00:00:00Z","lastModifiedTime":"0001-01-01T00:00:00Z","sharedGroupsCount":0,"sharedUsersCount":0,"icons":{"smallIconUri":"/12451191119701355307/N13fcf05d-3df5-46dc-96ac-aff0fb68d935-small.png","mediumIconUri":"/12451191119701355307/N45fac882-dde5-410b-8de5-4c34626190c3-medium.png","largeIconUri":"/12451191119701355307/N652ac6d6-3e32-49df-a485-343ecee56b31-large.png","wideIconUri":"/12451191119701355307/Nc95f8753-2773-4c57-ba2a-b467fd6d5df7-wide.png"},"connectionReferences":{"663f5da9-e81d-435f-8424-7aac39023e22":{"id":"c59b1a01-f054-413d-932c-861948ddadbc","displayName":"Office 365 Outlook","iconUri":"https://connectoricons-prod.azureedge.net/releases/v1.0.1591/1.0.1591.2961/office365/icon.png","dataSources":["Office365Outlook"],"dependencies":[],"dependents":["674aecf3-e67d-4782-9355-e8af4f476a87"],"parameterHints":{},"parameterHintsV2":{},"isOnPremiseConnection":false,"bypassConsent":false,"dataSets":{},"apiTier":"Standard","isCustomApiConnection":false},"ebba16e1-db8f-47cf-a2c4-df4630be658d":{"id":"2755fbfa-765e-4355-8e03-c45ccecc7aae","displayName":"Office 365 Users","iconUri":"https://connectoricons-prod.azureedge.net/releases/v1.0.1593/1.0.1593.2980/office365users/icon.png","dataSources":["Office365Users"],"dependencies":[],"dependents":[],"parameterHints":{},"parameterHintsV2":{},"isOnPremiseConnection":false,"bypassConsent":false,"dataSets":{},"apiTier":"Standard","isCustomApiConnection":false},"674aecf3-e67d-4782-9355-e8af4f476a87":{"id":"69588cc8-edf1-41fd-8639-1e0b7dd77283","displayName":"Logic flows","iconUri":"https://connectoricons-prod.azureedge.net/releases/v1.0.1534/1.0.1534.2605/logicflows/icon.png","dataSources":["sendEmail"],"dependencies":["663f5da9-e81d-435f-8424-7aac39023e22"],"dependents":[],"parameterHints":{"workflowName":{"value":"cc50f3d4-9d91-4496-bcf3-5d8cec9b899e"},"workflowEntityId":{},"663f5da9-e81d-435f-8424-7aac39023e22":{"value":"shared_office365"}},"parameterHintsV2":{"workflowName":{"value":"cc50f3d4-9d91-4496-bcf3-5d8cec9b899e"},"workflowEntityId":{},"shared_office365":{"value":"663f5da9-e81d-435f-8424-7aac39023e22"}},"isOnPremiseConnection":false,"bypassConsent":false,"dataSets":{},"apiTier":"Standard","isCustomApiConnection":false,"actions":["Run"],"nestedActions":[{"id":"/providers/Microsoft.PowerApps/apis/shared_office365/apiOperations/SendEmailV2","apiName":"Office 365 Outlook","actionName":"SendEmailV2","referencedResources":[]}]}},"databaseReferences":{"default.cds":{"databaseDetails":{"referenceType":"Environmental","environmentName":"default.cds","overrideValues":{"status":"NotSpecified"}},"dataSources":{"연락처 ":{"entitySetName":"contacts","logicalName":"contact"},"ResponceData":{"entitySetName":"cra07_responcedatas","logicalName":"cra07_responcedata"},"ActivityData":{"entitySetName":"cra07_activitydatas","logicalName":"cra07_activitydata"}},"actions":["providers/PowerPlatform.Governance/Operations/Read","providers/PowerPlatform.Governance/Operations/Write"]}},"almMode":"Environment","performanceOptimizationEnabled":true,"canConsumeAppPass":true,"enableModernRuntimeMode":false,"executionRestrictions":{"isTeamsOnly":false,"dataLossPreventionEvaluationResult":{"status":"Compliant","lastEvaluationDate":"2022-08-21T03:03:38.9488728Z","violations":[],"violationsByPolicy":[],"violationErrorMessage":"The app uses the following connectors: shared_office365, shared_office365users, shared_logicflows, shared_commondataservice."},"httpActionRestriction":{"appUsesSharepointHttpAction":false,"enforcementStrategy":"Legacy","evaluationTime":"2022-08-21T03:03:38.9487632Z"}}},"appType":"ClassicCanvasApp","appComponents":[]}}